{
	"info": {
		"_postman_id": "e11078d4-394f-4efe-95c0-9106ca205753",
		"name": "Postman Assignment_003",
		"schema": "https://schema.getpostman.com/json/collection/v2.1.0/collection.json",
		"_exporter_id": "23404772"
	},
	"item": [
		{
			"name": "Get User",
			"event": [
				{
					"listen": "test",
					"script": {
						"exec": [
							"pm.test(\"Status code is 200\", function () {\r",
							"    pm.response.to.have.status(200);\r",
							"});\r",
							"\r",
							"var jsonData = pm.response.json(); \r",
							"pm.test(\"Verify  username\", function () { \r",
							"        pm.expect(jsonData.username).is.to.equal(\"Uname001\"); \r",
							"    });\r",
							"\r",
							"pm.test(\"Verify  email\", function () { \r",
							"        pm.expect(jsonData.email).is.to.equal(\"Positive@Attitude.com\"); \r",
							"    });\r",
							"\r",
							"    pm.test(\"Verify  status\", function () { \r",
							"        pm.expect(jsonData.userStatus).is.to.equal(1); \r",
							"    });"
						],
						"type": "text/javascript"
					}
				}
			],
			"request": {
				"method": "GET",
				"header": [],
				"url": {
					"raw": "https://petstore.swagger.io/v2/user/{{userName}}",
					"protocol": "https",
					"host": [
						"petstore",
						"swagger",
						"io"
					],
					"path": [
						"v2",
						"user",
						"{{userName}}"
					]
				}
			},
			"response": []
		},
		{
			"name": "Create a User",
			"request": {
				"method": "POST",
				"header": [],
				"body": {
					"mode": "raw",
					"raw": "{\r\n  \"id\": 100,\r\n  \"username\": \"Uname001\",\r\n  \"firstName\": \"Asish\",\r\n  \"lastName\": \"Patra\",\r\n  \"email\": \"Positive@Attitude.com\",\r\n  \"password\": \"12345\",\r\n  \"phone\": \"222222222\",\r\n  \"userStatus\": 1\r\n}",
					"options": {
						"raw": {
							"language": "json"
						}
					}
				},
				"url": {
					"raw": "https://petstore.swagger.io/v2/user",
					"protocol": "https",
					"host": [
						"petstore",
						"swagger",
						"io"
					],
					"path": [
						"v2",
						"user"
					]
				}
			},
			"response": []
		}
	]
}