{
	"info": {
		"_postman_id": "a62cdb64-13b2-4164-8dc3-a3c2d9e6a678",
		"name": "Postman Assignment_004",
		"schema": "https://schema.getpostman.com/json/collection/v2.1.0/collection.json",
		"_exporter_id": "23404772"
	},
	"item": [
		{
			"name": "Get Method",
			"event": [
				{
					"listen": "test",
					"script": {
						"exec": [
							"pm.test(\"Status code is 200\", function () {\r",
							"    pm.response.to.have.status(200);\r",
							"});\r",
							"\r",
							"var jsonData = pm.response.json();\r",
							"var count = jsonData.length;\r",
							"\r",
							"pm.test(\"Verify Status\", function () {  \r",
							"for (var i=0; i < count ; i++){\r",
							" pm.expect(jsonData[i].status).is.to.equal(\"sold\"); \r",
							"}     \r",
							"  });\r",
							"\r",
							"\r",
							""
						],
						"type": "text/javascript"
					}
				}
			],
			"request": {
				"method": "GET",
				"header": [],
				"url": {
					"raw": "https://petstore.swagger.io/v2/pet/findByStatus?status=sold",
					"protocol": "https",
					"host": [
						"petstore",
						"swagger",
						"io"
					],
					"path": [
						"v2",
						"pet",
						"findByStatus"
					],
					"query": [
						{
							"key": "status",
							"value": "sold"
						}
					]
				}
			},
			"response": []
		}
	]
}