{
	"info": {
		"_postman_id": "6407676e-f835-4b51-b975-da4f462d3277",
		"name": "Postman Assignment_005",
		"schema": "https://schema.getpostman.com/json/collection/v2.1.0/collection.json",
		"_exporter_id": "23404772"
	},
	"item": [
		{
			"name": "Logout",
			"event": [
				{
					"listen": "test",
					"script": {
						"exec": [
							"pm.test(\"Status code is 200\", function () {\r",
							"    pm.response.to.have.status(200);\r",
							"});\r",
							"\r",
							"var jsonData = pm.response.json(); \r",
							"pm.test(\"Verify Code\", function () { \r",
							"        pm.expect(jsonData.code).is.to.equal(200); \r",
							"    });\r",
							"\r",
							"pm.test(\"Verify message\", function () { \r",
							"        pm.expect(jsonData.message).is.to.equal(\"ok\"); \r",
							"    });"
						],
						"type": "text/javascript"
					}
				}
			],
			"request": {
				"method": "GET",
				"header": [],
				"url": {
					"raw": "https://petstore.swagger.io/v2/user/logout",
					"protocol": "https",
					"host": [
						"petstore",
						"swagger",
						"io"
					],
					"path": [
						"v2",
						"user",
						"logout"
					]
				}
			},
			"response": []
		}
	]
}