{
	"id": "c5c7299c-a35b-4c0c-94cf-9f62a2a1e27b",
	"name": "QA",
	"values": [
		{
			"key": "petID",
			"value": "344",
			"type": "default",
			"enabled": false
		},
		{
			"key": "petName",
			"value": "Doggie",
			"type": "default",
			"enabled": false
		},
		{
			"key": "status_value",
			"value": "available_QA",
			"type": "default",
			"enabled": true
		}
	],
	"_postman_variable_scope": "environment",
	"_postman_exported_at": "2023-11-09T12:14:21.490Z",
	"_postman_exported_using": "Postman/10.19.17"
}